[
    {
        "Human": "give tomato hybrid purchased by customer HAlli thota",
        "SQL": "SELECT sold_to_party_description,SUM(net_weight) AS total_net_weight FROM sales_order_table WHERE sold_to_party_description = 'HAlli thota' AND iName = 'TOMATO HYBRID' GROUP BY sold_to_party;"
    },
    {
        "Human": "total items purchased by the sold_to_party_description or customer name 'Halli Thota 2' considering only the latest date",
        "SQL": "SELECT sold_to_party, COUNT(DISTINCT itemId) AS total_items_purchased FROM sales_order_table WHERE sold_to_party_description = 'Halli Thota 2' GROUP BY sold_to_party ORDER BY delivery_date DESC LIMIT 1;"
    },
    {
        "Human": "give me trend of tomato hybrid",
        "SQL": "SELECT delivery_date,iName, COUNT(*) AS quantity_sold FROM sales_order_table WHERE iName = 'TOMATO HYBRID' GROUP BY delivery_date, iName ORDER BY delivery_date; "
    },
    {
        "Human": "i need customers who purchased tomato and potato together",
        "SQL": "SELECT sold_to_party, sold_to_party_description FROM sales_order_table t JOIN sales_order_table p ON t.sold_to_party = p.sold_to_party AND t.salesOrderId = p.salesOrder WHERE t.iName = 'tomato' AND p.iName = 'potato';"
    },
    {
        "Human": "give me schema of database",
        "SQL": "SELECT name AS table_name,sql AS create_statement FROM  sqlite_master WHERE  type='table';"
    }
]