Human,SQL
What is the total sales amount for a specific period?,"SELECT SUM(amount) AS total_sales_amount
FROM invoice
WHERE invoicedate BETWEEN 'start_date' AND 'end_date';"
Which customer has placed the highest number of orders?,"SELECT customername, customerid, COUNT(*) AS order_count
FROM invoice
GROUP BY customerid
ORDER BY order_count DESC
LIMIT 1;
"
What is the average quantity sold per invoice?,"SELECT AVG(quantity) AS average_quantity_per_invoice
FROM invoice;
"
How many deliveries were made on-time versus late?,"SELECT 
    SUM(CASE WHEN on_time_delivery = 'on-time' THEN 1 ELSE 0 END) AS on_time_deliveries,
    SUM(CASE WHEN on_time_delivery = 'late' THEN 1 ELSE 0 END) AS late_deliveries
FROM delivery;
"
Which item has the highest sales volume?,"SELECT itemname, SUM(quantity) AS total_quantity_sold
FROM invoice
GROUP BY itemname
ORDER BY total_quantity_sold DESC
LIMIT 1;
"
What is the distribution of sales across different plants?,"SELECT plant, SUM(amount) AS total_sales_amount
FROM invoice
GROUP BY plant;
"
Can we identify any trends in sales over time?,"SELECT strftime('%Y-%m', invoicedate) AS month_year, SUM(amount) AS total_sales_amount
FROM invoice
GROUP BY strftime('%Y-%m', invoicedate)
ORDER BY month_year;
"
What is the average net weight per item sold?,"SELECT AVG(net_weight) AS average_net_weight_per_item
FROM invoice;
"
How many invoices were generated per customer?,"SELECT customername, customerid, COUNT(*) AS invoice_count
FROM invoice
GROUP BY customerid;
"
Is there any correlation between invoice amount and delivery status?,"SELECT 
    delivery_status,
    AVG(amount) AS average_invoice_amount
FROM invoice i
JOIN delivery d ON i.invoiceno = d.invoiceno
GROUP BY delivery_status;
"
What is the total sales amount for each customer in the last 30 days?,"SELECT customername, customerid, SUM(amount) AS total_sales_amount FROM invoice WHERE invoicedate >= DATE('now', '-30 days') GROUP BY customerid;"
How many deliveries were made by each delivery executive this month?,"SELECT deliveryexecutivename, deliveryexecutiveempcode, COUNT(*) AS delivery_count FROM delivery WHERE strftime('%Y-%m', date_of_delivery) = strftime('%Y-%m', 'now') GROUP BY deliveryexecutiveempcode;"
What is the average amount per sales order for last month?,"SELECT AVG(amount) AS average_amount_per_order FROM invoice WHERE strftime('%Y-%m', invoicedate) = strftime('%Y-%m', 'now', '-1 month');"
Which customer has the highest average invoice amount for this month?,"SELECT customername, customerid, AVG(amount) AS average_invoice_amount FROM invoice WHERE strftime('%Y-%m', invoicedate) = strftime('%Y-%m', 'now') GROUP BY customerid ORDER BY average_invoice_amount DESC LIMIT 1;"
How many orders were delivered late by each delivery executive in the last 30 days?,"SELECT deliveryexecutivename, deliveryexecutiveempcode, SUM(CASE WHEN on_time_delivery = 'late' THEN 1 ELSE 0 END) AS late_deliveries FROM delivery WHERE date_of_delivery >= DATE('now', '-30 days') GROUP BY deliveryexecutiveempcode;"
What is the total quantity sold for each item this month?,"SELECT itemname, SUM(quantity) AS total_quantity_sold FROM invoice WHERE strftime('%Y-%m', invoicedate) = strftime('%Y-%m', 'now') GROUP BY itemname;"
How many orders were delivered late by each customer last month?,"SELECT customername, customerid, SUM(CASE WHEN d.on_time_delivery = 'late' THEN 1 ELSE 0 END) AS late_deliveries FROM delivery d JOIN invoice i ON d.invoiceno = i.invoiceno WHERE strftime('%Y-%m', d.date_of_delivery) = strftime('%Y-%m', 'now', '-1 month') GROUP BY customerid;"
What is the average sales amount per month for the last 6 months?,"SELECT strftime('%Y-%m', invoicedate) AS month_year, AVG(amount) AS average_sales_amount FROM invoice WHERE invoicedate >= DATE('now', '-6 months') GROUP BY strftime('%Y-%m', invoicedate);"
Which delivery trip had the highest number of deliveries in the last 30 days?,"SELECT tripno, COUNT(*) AS delivery_count FROM delivery WHERE date_of_delivery >= DATE('now', '-30 days') GROUP BY tripno ORDER BY delivery_count DESC LIMIT 1;"
How many invoices were generated for each plant this month?,"SELECT plant, COUNT(*) AS invoice_count FROM invoice WHERE strftime('%Y-%m', invoicedate) = strftime('%Y-%m', 'now') GROUP BY plant;"
What are the top 5 over-performing items based on total sales amount?,"SELECT itemname, SUM(amount) AS total_sales_amount FROM invoice GROUP BY itemname ORDER BY total_sales_amount DESC LIMIT 5;"
Which items have shown the highest percentage growth in sales compared to the previous month?,"SELECT itemname, ((SUM(amount) - (SELECT SUM(amount) FROM invoice WHERE strftime('%Y-%m', invoicedate) = strftime('%Y-%m', 'now', '-1 month') AND itemname = i.itemname)) / (SELECT SUM(amount) FROM invoice WHERE strftime('%Y-%m', invoicedate) = strftime('%Y-%m', 'now', '-1 month') AND itemname = i.itemname)) * 100 AS growth_percentage FROM invoice i WHERE strftime('%Y-%m', invoicedate) = strftime('%Y-%m', 'now') GROUP BY itemname ORDER BY growth_percentage DESC;"
Which items have shown consistent growth in sales over the past 6 months?,"SELECT itemname FROM ( SELECT itemname, (SUM(amount) - (SELECT SUM(amount) FROM invoice WHERE strftime('%Y-%m', invoicedate) = strftime('%Y-%m', 'now', '-6 months') AND itemname = i.itemname)) / (SELECT SUM(amount) FROM invoice WHERE strftime('%Y-%m', invoicedate) = strftime('%Y-%m', 'now', '-6 months') AND itemname = i.itemname) AS growth_rate FROM invoice i WHERE strftime('%Y-%m', invoicedate) >= strftime('%Y-%m', 'now', '-6 months') GROUP BY itemname ) WHERE growth_rate > 0;"
Which items have the lowest sales volume and may be under-performing?,"SELECT itemname, SUM(quantity) AS total_quantity_sold FROM invoice GROUP BY itemname ORDER BY total_quantity_sold ASC LIMIT 5;"
"What is the average sales amount per unit for each item, and which items have the lowest average sales amount?","SELECT itemname, AVG(amount / quantity) AS average_sales_per_unit FROM invoice GROUP BY itemname ORDER BY average_sales_per_unit ASC LIMIT 5;"
What is the total number of deliveries made by each delivery executive this month?,"SELECT deliveryexecutivename, deliveryexecutiveempcode, COUNT(*) AS delivery_count FROM delivery WHERE strftime('%Y-%m', date_of_delivery) = strftime('%Y-%m', 'now') GROUP BY deliveryexecutiveempcode;"
How many deliveries were made on-time versus late by each delivery executive in the last 30 days?,"SELECT deliveryexecutivename, deliveryexecutiveempcode, SUM(CASE WHEN on_time_delivery = 'on-time' THEN 1 ELSE 0 END) AS on_time_deliveries, SUM(CASE WHEN on_time_delivery = 'late' THEN 1 ELSE 0 END) AS late_deliveries FROM delivery WHERE date_of_delivery >= DATE('now', '-30 days') GROUP BY deliveryexecutiveempcode;"
What is the average number of deliveries made per day by each delivery executive this month?,"SELECT deliveryexecutivename, deliveryexecutiveempcode, COUNT(*) / CAST(strftime('%d', 'now', 'start of month', '+1 month', '-1 day') AS FLOAT) AS avg_deliveries_per_day FROM delivery WHERE strftime('%Y-%m', date_of_delivery) = strftime('%Y-%m', 'now') GROUP BY deliveryexecutiveempcode;"
Which delivery executive has the highest percentage of on-time deliveries in the last 30 days?,"SELECT deliveryexecutivename, deliveryexecutiveempcode, (SUM(CASE WHEN on_time_delivery = 'on-time' THEN 1 ELSE 0 END) / COUNT(*)) * 100 AS on_time_percentage FROM delivery WHERE date_of_delivery >= DATE('now', '-30 days') GROUP BY deliveryexecutiveempcode ORDER BY on_time_percentage DESC LIMIT 1;"
What is the average delivery time deviation for each delivery executive compared to the expected delivery time in the last 30 days?,"SELECT deliveryexecutivename, deliveryexecutiveempcode, AVG(CAST(delivery_status AS INTEGER)) AS average_deviation_time FROM delivery WHERE date_of_delivery >= DATE('now', '-30 days') GROUP BY deliveryexecutiveempcode;"
What is the total sales amount for each plant in the last 30 days?,"SELECT plant, SUM(amount) AS total_sales_amount FROM invoice WHERE invoicedate >= DATE('now', '-30 days') GROUP BY plant;"
Which plant has the highest average sales amount per order for this month?,"SELECT plant, AVG(amount) AS average_sales_amount_per_order FROM invoice WHERE strftime('%Y-%m', invoicedate) = strftime('%Y-%m', 'now') GROUP BY plant ORDER BY average_sales_amount_per_order DESC LIMIT 1;"
What is the percentage growth in sales for each plant compared to the previous month?,"SELECT plant, ((SUM(amount) - (SELECT SUM(amount) FROM invoice WHERE strftime('%Y-%m', invoicedate) = strftime('%Y-%m', 'now', '-1 month') AND plant = i.plant)) / (SELECT SUM(amount) FROM invoice WHERE strftime('%Y-%m', invoicedate) = strftime('%Y-%m', 'now', '-1 month') AND plant = i.plant)) * 100 AS growth_percentage FROM invoice i WHERE strftime('%Y-%m', invoicedate) = strftime('%Y-%m', 'now') GROUP BY plant;"
Which plant has the highest percentage of on-time deliveries in the last 30 days?,"SELECT plant, (SUM(CASE WHEN d.on_time_delivery = 'on-time' THEN 1 ELSE 0 END) / COUNT(*)) * 100 AS on_time_percentage FROM delivery d WHERE date_of_delivery >= DATE('now', '-30 days') GROUP BY plant ORDER BY on_time_percentage DESC LIMIT 1;"
What is the average net weight per delivery for each plant in the last 30 days?,"SELECT d.plant, AVG(i.net_weight) AS average_net_weight_per_delivery FROM delivery d JOIN invoice i ON d.invoiceno = i.invoiceno WHERE d.date_of_delivery >= DATE('now', '-30 days') GROUP BY d.plant;"
Who are the top 5 customers based on total sales amount?,"SELECT customername, customerid, SUM(amount) AS total_sales_amount FROM invoice GROUP BY customerid ORDER BY total_sales_amount DESC LIMIT 5;"
What are the top 5 items purchased by the top customer?,"SELECT itemname, SUM(quantity) AS total_quantity_sold FROM invoice WHERE customerid = (SELECT customerid FROM invoice GROUP BY customerid ORDER BY SUM(amount) DESC LIMIT 1) GROUP BY itemname ORDER BY total_quantity_sold DESC LIMIT 5;"
What are the top 5 customers who purchase the highest number of unique items?,"SELECT customername, customerid, COUNT(DISTINCT itemname) AS unique_items_count FROM invoice GROUP BY customerid ORDER BY unique_items_count DESC LIMIT 5;"
What are the top 5 items that contribute to the highest sales amount for the top customer?,"SELECT itemname, SUM(amount) AS total_sales_amount FROM invoice WHERE customerid = (SELECT customerid FROM invoice GROUP BY customerid ORDER BY SUM(amount) DESC LIMIT 1) GROUP BY itemname ORDER BY total_sales_amount DESC LIMIT 5;"
Which item has the highest sales amount for each of the top 5 customers?,"SELECT i.customername, i.customerid, i.itemname, MAX(i.amount) AS max_sales_amount FROM invoice i JOIN (SELECT customerid FROM invoice GROUP BY customerid ORDER BY SUM(amount) DESC LIMIT 5) AS top_customers ON i.customerid = top_customers.customerid GROUP BY i.customername, i.customerid;"
What is the average order amount for each of the top 5 customers?,"SELECT customername, customerid, AVG(amount) AS average_order_amount FROM invoice WHERE customerid IN (SELECT customerid FROM invoice GROUP BY customerid ORDER BY SUM(amount) DESC LIMIT 5) GROUP BY customerid ORDER BY average_order_amount DESC;"
How many orders were placed by each of the top 5 customers in the last 30 days?,"SELECT customername, customerid, COUNT(*) AS order_count FROM invoice WHERE customerid IN (SELECT customerid FROM invoice GROUP BY customerid ORDER BY SUM(amount) DESC LIMIT 5) AND invoicedate >= DATE('now', '-30 days') GROUP BY customerid ORDER BY order_count DESC;"
What is the average time between orders for each of the top 5 customers?,"SELECT customername, customerid, AVG(julianday(invoicedate) - julianday(LAG(invoicedate) OVER(PARTITION BY customerid ORDER BY invoicedate))) AS average_time_between_orders FROM invoice WHERE customerid IN (SELECT customerid FROM invoice GROUP BY customerid ORDER BY SUM(amount) DESC LIMIT 5) GROUP BY customerid ORDER BY average_time_between_orders;"
Which day of the week do the top 5 customers most frequently place orders?,"SELECT customername, customerid, STRFTIME('%w', invoicedate) AS day_of_week, COUNT(*) AS order_count FROM invoice WHERE customerid IN (SELECT customerid FROM invoice GROUP BY customerid ORDER BY SUM(amount) DESC LIMIT 5) GROUP BY customerid, day_of_week ORDER BY order_count DESC;"
What is the average quantity of items purchased per order by each of the top 5 customers?,"SELECT customername, customerid, AVG(quantity) AS average_quantity_per_order FROM invoice WHERE customerid IN (SELECT customerid FROM invoice GROUP BY customerid ORDER BY SUM(amount) DESC LIMIT 5) GROUP BY customerid ORDER BY average_quantity_per_order DESC;"
What is the percentage change in total sales amount for each of the top 10 customers compared to the previous month?,"SELECT customername, customerid, ((SUM(amount) - (SELECT SUM(amount) FROM invoice WHERE strftime('%Y-%m', invoicedate) = strftime('%Y-%m', 'now', '-1 month') AND customerid = i.customerid)) / (SELECT SUM(amount) FROM invoice WHERE strftime('%Y-%m', invoicedate) = strftime('%Y-%m', 'now', '-1 month') AND customerid = i.customerid)) * 100 AS sales_amount_change_percentage FROM invoice i WHERE strftime('%Y-%m', invoicedate) = strftime('%Y-%m', 'now') AND customerid IN (SELECT customerid FROM invoice GROUP BY customerid ORDER BY SUM(amount) DESC LIMIT 10);"
How does the total number of orders placed by each of the top 10 customers this month compare to the previous month?,"SELECT customername, customerid, (COUNT(*) - (SELECT COUNT(*) FROM invoice WHERE strftime('%Y-%m', invoicedate) = strftime('%Y-%m', 'now', '-1 month') AND customerid = i.customerid)) AS order_count_change FROM invoice i WHERE strftime('%Y-%m', invoicedate) = strftime('%Y-%m', 'now') AND customerid IN (SELECT customerid FROM invoice GROUP BY customerid ORDER BY SUM(amount) DESC LIMIT 10);"
What is the percentage change in average order amount for each of the top 10 customers compared to the previous month?,"SELECT customername, customerid, ((AVG(amount) - (SELECT AVG(amount) FROM invoice WHERE strftime('%Y-%m', invoicedate) = strftime('%Y-%m', 'now', '-1 month') AND customerid = i.customerid)) / (SELECT AVG(amount) FROM invoice WHERE strftime('%Y-%m', invoicedate) = strftime('%Y-%m', 'now', '-1 month') AND customerid = i.customerid)) * 100 AS average_order_amount_change_percentage FROM invoice i WHERE strftime('%Y-%m', invoicedate) = strftime('%Y-%m', 'now') AND customerid IN (SELECT customerid FROM invoice GROUP BY customerid ORDER BY SUM(amount) DESC LIMIT 10);"
What is the change in the average time between orders for each of the top 10 customers compared to the previous month?,"SELECT customername, customerid, (AVG(julianday(invoicedate) - julianday(LAG(invoicedate) OVER(PARTITION BY customerid ORDER BY invoicedate))) - (SELECT AVG(julianday(invoicedate) - julianday(LAG(invoicedate) OVER(PARTITION BY customerid ORDER BY invoicedate))) FROM invoice WHERE strftime('%Y-%m', invoicedate) = strftime('%Y-%m', 'now', '-1 month') AND customerid = i.customerid) AS average_time_between_orders_change FROM invoice i WHERE strftime('%Y-%m', invoicedate) = strftime('%Y-%m', 'now') AND customerid IN (SELECT customerid FROM invoice GROUP BY customerid ORDER BY SUM(amount) DESC LIMIT 10);"
How does the average quantity of items purchased per order by each of the top 10 customers this month compare to the previous month?,"SELECT customername, customerid, (AVG(quantity) - (SELECT AVG(quantity) FROM invoice WHERE strftime('%Y-%m', invoicedate) = strftime('%Y-%m', 'now', '-1 month') AND customerid = i.customerid)) AS average_quantity_per_order_change FROM invoice i WHERE strftime('%Y-%m', invoicedate) = strftime('%Y-%m', 'now') AND customerid IN (SELECT customerid FROM invoice GROUP BY customerid ORDER BY SUM(amount) DESC LIMIT 10);"